{"cameraMode":{"drawMode":0,"name":"Shaded","section":"Shading Mode"},"sceneLighting":true,"audioPlay":false,"sceneViewState":{"m_AlwaysRefresh":false,"showFog":true,"showSkybox":true,"showFlares":true,"showImageEffects":true,"showParticleSystems":true,"showVisualEffectGraphs":true,"m_FxEnabled":true},"in2DMode":false,"pivot":{"x":-0.18772029876708985,"y":13.97939395904541,"z":-0.8964071273803711},"rotation":{"x":0.05072659254074097,"y":0.7567685842514038,"z":-0.05914759263396263,"w":0.649015486240387},"size":13.119929313659668,"orthographic":true}