{"cameraMode":{"drawMode":0,"name":"Shaded","section":"Shading Mode"},"sceneLighting":true,"audioPlay":false,"sceneViewState":{"m_AlwaysRefresh":false,"showFog":true,"showSkybox":true,"showFlares":true,"showImageEffects":true,"showParticleSystems":true,"showVisualEffectGraphs":true,"m_FxEnabled":true},"in2DMode":false,"pivot":{"x":1.708317756652832,"y":15.877313613891602,"z":-9.041011810302735},"rotation":{"x":0.020015815272927285,"y":0.9710877537727356,"z":-0.08793789148330689,"w":0.2210334837436676},"size":16.88043212890625,"orthographic":false}